Start (HH:MM:SS),End (HH:MM:SS),Segment
0:00:02,0:00:09,Slijedi predavanje koje nas poziva da zastanemo i pogledamo ne prema van nego prema unutra.
0:00:10,0:00:16,U svijetu u kojem često nosimo različite uloge i maske kako pronaći ono što je autentično u nama?
0:00:17,0:00:21,Kako voliti druge ako prvo ne znamo tko smo mi sami?
0:00:22,0:00:34,"Na ta pitanja odgovorit će nam Alan Žepec, transformacijski koč, poduzetnik i autor, čovjek koji je iza sebe ostavio upravljačku funkciju kako bi se posvetio onome što doista jest."
0:00:35,0:00:39,Tema njegova predavanja je otkrivanje vlastite autentičnosti.
0:00:39,0:00:42,"Lijepo vas molim, pozdravimo Alana Ževca."
0:00:45,0:00:46,Čujemo se.
0:00:49,0:00:53,I posljednji put još danas podsjećam vas na slajdov aplikaciju i na pitanja.
0:00:58,0:01:12,"Evo prvo s moje strane, tvrtko, nakon ovog cijelog dana, jedno što mogu, mi smo komentirali sad to za vrijeme ručka i pauze, kakva je ovo prekrasna energija ljudi ovdje."
0:01:13,0:01:16,"To je čista ljubav, čista ljubav."
0:01:19,0:01:25,"Ono divno, evo mi hodamo po tim konferencijama, ali ovo je neponovljivo."
0:01:26,0:01:27,Hvala vam puno.
0:01:28,0:01:54,"A sada što se tiče teme za razliku od Marijane, ja sam odabrao svoju temu i onda sam stvarno išao onako uložiti energije u to, pripremio sam tri različite varijante predavanja na ovu temu."
0:01:56,0:02:05,I jedna je bila vezana uz čitam trenutno knjigu o životu sv.
0:02:05,0:02:27,"Franje Asiškog, pa sam to, pa onda je druga varijanta bila nešto vezano uz mog tatu, pa je treća varijanta bila nešto vezano uz moje neka životna iskustva itede Pa smo bili na putovanju u našem kamperu, pa sam spomenki svojoj supruzi išao ispričati sve tri varijante."
0:02:29,0:02:35,"I ženska veli, a gledala nisi baš neki ekspert za svece, znaš."
0:02:38,0:02:40,Tako da to ti ne bi preporučila.
0:02:41,0:02:49,"A onda ovo za tatu, pa mislim, prekrasno je, lijepo ovo, ono, ali šta će ljudi imati od te prekrasne priče?"
0:02:49,0:02:53,"A ovo su ta tvoja iskustva, oka, ajde, to bi možda moglo proći."
0:02:55,0:03:07,"I dobro, vratimo se mi u Zagreb i ja imam ovaj kao sat vremena sa jednom ženom, zove se Dijana Zorić, koja me priprema, pomaže mi ovako kao moj coach, trener u ovim predavanjima."
0:03:08,0:03:44,"I sad ja složim jedan hibrid između dvije i mislim si, sad ću ja to Dijani iz VRG iz Verglat, ona će reći žepec ovo je špica, vratit ću se spomenki natrag i reći vidiš i stvarno ja to sad kažem tamo tu hibridnu varijantu i ona veli, pa evo baš lijepe priče tu, tu, tu, finost ti to složio, ali ja blage veze nemam šta je za tebe autentičnost."
0:03:44,0:03:47,A imaš temu autentičnosti.
0:03:48,0:03:55,"I onda je došla frustracija, pa sam se malo naljutio, pa je ona osjetila da sam se ja naljutio."
0:03:55,0:04:04,"Uglavnom, razišli smo se u jednoj čudnoj energiji, izašao sam van, autentično, da, čudna energija."
0:04:06,0:04:15,"I onda se probudilo u meni nešto što se u logoterapiji zove prkosna moć duha, jel tako?"
0:04:16,0:04:20,"I ona, ajde, Žepec, šta je za tebe autentičnost?"
0:04:20,0:04:21,Daj odgovor.
0:04:23,0:04:46,"I svi su mi govorili, oke, daj, trebaš dati ono, pet nekih osobina, buleta, daj ljudima model šta je autentičnost da mogu s tim otići nekamo, ljudi volete i nikako nije išlo i onda u jednom trenutku bam znate koji je odgovor?"
0:04:48,0:04:53,"Jedna modela nema, nema ga."
0:04:54,0:05:28,"Svi ste vi ovdje uključujući i mene, svi smo mi u ovom trenutku našeg života sto posto autentični i ja sam se razmišljao o primjerima ili pitanjima koje sam dobivao kasnije i između ostalog od spomice gdje mi je izazivala moju ovu tezu i možda znate neki su možda danas od vas ovdje došli sa nečim što možemo zvati onako maska ljubaznosti."
0:05:29,0:05:49,"Dobro, oni su ljubazni, smješkaju se, razgovaraju, ali iznutra su možda tužni ili frustrirani ili nesigurni i postoje ta dva svijeta."
0:05:52,0:06:44,I ta maska ljubaznosti je sto posto autentična maska ljubaznosti kao što je i ovo unutra ti osjećaj tuge i frustracije i nesigurnosti sto posto autentični osjećaj ili su možda neki od vas ovdje došli kao baš se danas nekako osjećaju ekstrovertirano i baš bi razgovarali sa svima ovdje tu i to je sto posto autentično a možda su neki drugi košta je predstavljaju ovaj predivan trener i predivan čovjek tu rekao a introverti i oni došli bi ovdje poslušali bi ovo predavanje ali najradije bi onda nekako malo sa strane i ne bi sad razgovarali sa puno.
0:06:45,0:07:29,"I to je sto posto autentično tako da je na kraju zapravo osnovni put jedini put koji imamo je da on se krije u paradoksu da s jedne strane prihvatimo u punom smislu onu autentičnu verziju sebe koja je sada i istovremeno se otvorimo, aktivno otvorimo svim verzijama autentičnim sebe koji će tek doći."
0:07:31,0:07:43,A kako ćemo znati da smo na tom pravom putu je po razini unutrašnjeg mira koji imamo u sebe ili nemira.
0:07:47,0:07:52,"I kad gledate ovaj slajd ovdje tu, ono, naša autentičnost se mijenja."
0:07:53,0:08:08,"Mi smo na ovaj svijet ovdje došli odavde, iz ničega, kao što je ovaj tu slajd, iz bijeline, iz energije, iz ništavila."
0:08:09,0:08:41,"I onda u jednom trenutku vidite ovu crnu točku, ono to je taj naš, ono možda minuta nakon što smo izašli, ono iz majke i došli na smo u onoj našoj izvornoj, autentičnoj verziji sebe kad smo se pojavili, vrlo jednostavnoj verziji sebe."
0:08:43,0:09:00,"I onda recimo da je ovaj krug, a tu imamo pet godina i tu smo već usvojili one osnovne crte, počeli smo se oblikovati, osnovne crte, osnovne obrazce najčešće najbližih ljudi s kojima smo bili."
0:09:02,0:09:04,Tu se naš ego počeo formirati.
0:09:06,0:09:18,"I onda evo deset godina, krenuli smo u školu, sad imamo u školi neko okruženje koje nas dalje oblikuje."
0:09:20,0:10:25,"Pa evo nas tu petnaest godina, a mnogi od vas su ovdje roditelji, bilo je prekrasno ovo predavanje o roditeljstvu, ono petnaest godina, lupanje vratima, zatvaranje, ne pričanje, ali onako izgradnja i dalje sebe i tako idemo dalje u život dvadeset dvadeset pet i trideset i negdje kroz godine u toj fazi života gradimo neku svoju materijalnu sigurnost gradimo reputaciju izgrađujemo uloge pa imamo ulogu odjedan puta roditelja ulogu poslovnog čovjeka ulogu donatora u udruzi ili ulogu konzultanta sada po novome mladenka dobro više nije novo jel tako, već traje neko vrijeme."
0:10:27,0:10:48,"Uglavnom se te uloge mijenjaju ili već smo tamo ono, godine idu, širimo socijalnu mrežu, onako raste nam, evo ovo je jedna socijalna mreža u kojoj smo, upoznajemo nove i nove ljude i nekako ta kompleksnost života raste."
0:10:51,0:11:03,"I možemo cijeli život, ima jedan psiholog koji se zove Jung i on je podijelio život na ono, vjerojatno ste mnogi od vas čuli na, na prvu i drugu fazu života."
0:11:04,0:11:17,"I to je ono što se događalo nekako nas gura u tu, u toj prvoj fazi života da imamo sve kompleksnije i kompleksnije i kompleksnije elemente samoga sebe."
0:11:19,0:11:34,"Kaže da je ego zapravo naš socijalni konstrukt i mi se oblikujemo, mi oblikujemo naš socijalni konstrukt u toj našoj prvoj fazi života."
0:11:34,0:11:39,I onda krene druga faza života.
0:11:39,0:11:45,"Inače je to negdje četrdesetka kažu da između prve i i druge, tu, nego između četrdeset i pedeset."
0:11:46,0:12:23,"I kako život ide dalje zapravo, sad smo, evo ja sam u pedeset četiri pa onako proživljavam to zapravo iz one kompleksnosti idemo u jednostavnost i suštinski zapravo imamo dva puta nakon te četrdeset i pedeset imamo jedan put gdje ćemo reći a ja sam takav evo sad sam u četrdeset ili pedeset ovo sam ja ne mogu se više mijenjati."
0:12:24,0:12:29,I de facto taj put je put u nešto što možemo zvati istost.
0:12:31,0:12:43,"I jedan dio ljudi odabere taj put, najčešće nesvjesno, ali taj put ide u sve veću rigidnost čuvajući tu ideju autentičnosti, to sam ja."
0:12:46,0:12:50,Ali drugi put je put zapravo fleksibilnosti.
0:12:50,0:13:02,"Ako je ovaj prvi put put tvrdoće, ovaj drugi put je put mekoće gdje postajemo sve mekši i sve jednostavniji."
0:13:03,0:13:16,"I možda one socijalne mreže o kojima sam govorio pa smo i radili na kvantiteti broja odnosa i ljudi, sad zapravo radimo na kvaliteti i smanjujemo broj ljudi."
0:13:17,0:13:28,"Materijalna ona sigurnost koju smo gradili sad nas počinje opterećivati pa čak i onako, mi ćemo neke stvari, ali nije nam više toliko bitna."
0:13:30,0:13:36,"Reputacija, a ne brinemo više toliko o njoj."
0:13:37,0:13:47,"Neke uloge koje smo imali, možda su nam roditelji otišli, pa ona uloga koju smo imali sina ili kćeri, nema više tih uloga."
0:13:47,0:13:56,"Ili mi, nama su djeca sva velika i otišla su od doma prošle godine sada spomenka, da već je godinu dana prošlo."
0:13:57,0:14:03,Pa više nismo roditelji koji se aktivno doma brinu za svoju djecu jer ta djeca imaju svoj život.
0:14:05,0:14:28,"I onda dalje, ako zaista smo otvoreni za te nove verzije sebe i učimo o sebi, negdje otkrivamo možda neke obrazce ili navike ili reakcije za koje shvatimo da nisu naši, da smo ih pokupili možda od svojih roditelja ili prijatelja, krugova u kojima smo se kretali i da nam više ne služe."
0:14:29,0:14:36,Pa onda pustimo te obrasce i navike i težine možda koje smo godinama i godinama nosili.
0:14:38,0:14:54,"I onda sve više i više se zapravo približavamo onoj našoj izvornoj, autentičnoj energiji s kojom smo došli na ovaj svijet."
0:15:02,0:16:03,Tako da na kraju imam još četrdeset devet sekundi Viktor Frankl je rekao otac logoterapije čovjek nije ono što jest nego ono što odlučuje biti tako da da vam svima ovdje želim uključujući i mene i sebe da prihvatimo sve verzije sebe gdje god ona je u ovom trenutku sa svim što ona nosi i istovremeno da oblikujemo sve te nove verzije koje nas tek čekaju sve do tog zadnjeg daha na ovoj prekrasnoj zemlji u kojoj živimo.
0:16:14,0:16:14,Hvala vam.
0:16:14,0:16:15,Hvala vam.
0:16:15,0:16:20,Hvala nešto što ste nas podsjetili da autentičnost nije nešto što se gradi već nešto što se otkriva.
0:16:20,0:16:32,Vaše riječi su bile poziv na iskrenost i prema sebi i prema drugima i poticaj da vodimo iz dubine a ne iz forme i zahvaljujemo vam na nadihnuću i hrabrosti da živite ono što govorite.
0:16:33,0:16:37,Pa sada imamo i nekoliko pitanja sudionika konferencije.
0:16:37,0:16:43,Kako ostati autentičan i dosljedan svojim principima u svijetu koji konstantno nešto nameće?
0:16:43,0:16:47,"Kako se nositi s izazovima, strahovima koje taj korak nosi sa sobom?"
0:16:52,0:16:56,Pa prvi problem je ako se vežem za svoje vlastite principe.
0:16:59,0:17:03,Jer problem zapravo je u vezivanju.
0:17:03,0:17:20,"Onog časa kad sam vezan za te principe, naravno cijelo vrijeme se svijet mijenja oko sebe i principi koje sam sam imao prije trideset godina ili gospodin Bralić koji je imao prije trideset godina su različiti od onoga što su danas."
0:17:22,0:17:33,Ono što je put zapravo je u odnosu spram principa pa će biti i u odnosu spram svijeta oko mene.
0:17:34,0:17:58,"I ako sam cijelo vrijeme negdje u prihvaćanju tih principa, oni su moji i istovremeno u moj koči prema njima da oni sutra mogu biti drugačiji u odnosu na to što se promijenio unutra i u odnosu na to što se promijenio oko mene onda će to ići lakše."
0:17:59,0:18:03,Sve dok postoji procijep to neće biti jednostavno.
0:18:05,0:18:09,I nekad život jednostavno je paradoks.
0:18:10,0:18:16,"Sigurno svi vi ovdje imate situacije koje ne možete, ne možete im dati smisao."
0:18:17,0:18:25,"Netko ko je ono prekrasna, divna duša ode pre rano i pitate se pa zašto i ne možete dati tome smisao."
0:18:26,0:18:48,"A opet s druge strane jedino šta mogu je, kako je ovdje isto bilo lijepo rečeno, je ono, ono, dati se u vjeru da to sve negdje je vođeno, a ovdje smo među ljudima koji vjeruju da je vođeno."
0:18:49,0:18:57,"I još jedno zanimljivo pitanje, što savjetujete današnjim mladim poduzetnicima, koje su neke vaše početničke pogreške na koje biste ih upozorili?"
0:18:59,0:19:42,"Pa savjetujem im da eksperimentiraju, da budu hrabri, da se usude, da, da, kako je rekla, da si dozvole da veslaju gore, da plivaju uzvodno, protiv struje, bez obzira što svi nekako, najčešće će poduzetnik imati taj um koji će vidjeti nešto što možda drugi ne vide i da se ne obeshrabre na komentare nego da jednostavno idu istovremeno da se prilagođavaju cijelo vrijeme."
0:19:43,0:20:07,"Ima jedna stvar koju sam htio iskomentirati, zaboravio sam, a jako je važna, Mladenka ti, kad sam rekao onom da ćemo znat koliko smo negdje povezani i sa svojom autentičnošću i otvoreni istovremeno prema novim verzijama sebe je prema nekom unutarnjem miru."
0:20:08,0:20:14,"Sjećate one žene koje je mladenka pokazala, one beskućnice?"
0:20:17,0:20:22,U kojem je miru ta žena sa sobom?
0:20:23,0:20:26,Bez obzira na životni kontekst u kojem se nalazi.
0:20:27,0:20:28,Fascinantno.
0:20:29,0:20:29,To je to.
0:20:30,0:20:32,To je to za čime idemo i za čime težimo.
0:20:33,0:20:35,I nadam se da ćemo svi do tamo doći kao što je ona došla.
0:20:36,0:20:36,Nadam se.
0:20:36,0:20:42,"Hvala vam, Marta, i na odgovorima i na govoru."
